;trapping_N;Capture_frame;case_N°;trap_type;the_date_of_Laying_the_Trap;statement_date;The_hour_of_laying_the_trap;statement_hour;Wind;Rain;X;Y;Commune;Village;Said_neighborhood _place;Environnement;House_type;internal_external_situation;MIILD_presence;AID_last_date;Species;Gender;NB;Observations;Capture_frame2;case_number;date;hours;trap_type2;Species2;TN;TX;RR
1;k/31;palu;3;CDC;08/01/2020;09/01/2020; 10:30; 10:00;low;no rain;-12,735161;45,159831;KOUNGOU;Longoni;sidi colo;U;Concrete;I;NA;"""NA""";Cx. quinquefasciatus;F;3;NA;deng;1;01/01/2020; 06:00;CDC;An. gambiae;23,9;30,8;6,2
2;AG/18;palu;3;CDC;08/01/2020;09/01/2020; 10:30; 10:00;low;no rain;-12,735161;45,159831;KOUNGOU;Longoni;sidi colo;U;Concrete;E;NA;"""NA""";Cx. quinquefasciatus;M;1;NA;palu;2;02/01/2020; 06:30;BG;An.funestus;23,9;30,8;6,2
3;AG/18;palu;3;CDC;08/01/2020;09/01/2020; 10:30; 10:00;low;no rain;-12,735161;45,159831;KOUNGOU;Longoni;sidi colo;U;Concrete;E;NA;"""NA""";Cx. quinquefasciatus;F;2;NA;chikungunya;3;03/01/2020; 07:00;NA;An. coustani;23,9;30,8;6,2
4;AP/51;palu;3;CDC;08/01/2020;09/01/2020; 11:00; 10:30;low;no rain;-12,735161;45,159831;KOUNGOU;Longoni;sidi colo;U;Concrete;I;NA;"""NA""";Cx. quinquefasciatus;F;8;NA;FVR;4;04/01/2020; 07:30;NA;An. pretoriensis;23,9;30,8;6,2
5;F/91;palu;3;CDC;08/01/2020;09/01/2020; 11:00; 10:30;low;no rain;-12,735161;45,159831;KOUNGOU;Longoni;sidi colo;U;Concrete;E;NA;"""NA""";NA;NA;NA;no mosquito;Vectobiome;5;05/01/2020; 08:00;NA;An. mascarensis;23,9;30,8;6,2
6;T/77;palu;3;CDC;08/01/2020;09/01/2020; 11:30; 11:00;low;no rain;-12,735161;45,159831;KOUNGOU;Longoni;sidi colo;U;Natural(mud, wood, etc);I;NA;"""NA""";Cx. quinquefasciatus;M;1;NA;site monitoring;6;06/01/2020; 08:30;NA;An. maculipalpis;23,9;30,8;6,2
7;T/77;palu;3;CDC;08/01/2020;09/01/2020; 11:30; 11:00;low;no rain;-12,735161;45,159831;KOUNGOU;Longoni;sidi colo;U;Natural(mud, wood, etc);I;NA;"""NA""";Cx. quinquefasciatus;F;4;NA;RSI aéroport;7;07/01/2020; 09:00;NA;An.;23,9;30,8;6,2
8;AN/34;palu;3;CDC;08/01/2020;09/01/2020; 12:00; 09:00;low;no rain;-12,735161;45,159831;KOUNGOU;Longoni;sidi colo;U;Natural(mud, wood, etc);E;NA;"""NA""";Cx. quinquefasciatus;M;6;NA;RSI port Longoni;8;08/01/2020; 09:30;NA;Ae. aegypti;23,9;30,8;6,2
9;AN/34;palu;3;CDC;08/01/2020;09/01/2020; 12:00; 09:00;low;no rain;-12,735161;45,159831;KOUNGOU;Longoni;sidi colo;U;Natural(mud, wood, etc);E;NA;"""NA""";Cx. quinquefasciatus;F;12;NA;RSI port Dzaoudzi;9;09/01/2020; 10:00;NA;Ae. albopictus;23,9;30,8;6,2
10;V/47;palu;3;CDC;08/01/2020;09/01/2020; 12:00; 09:30;low;no rain;-12,735161;45,159831;KOUNGOU;Longoni;sidi colo;U;Concrete;I;NA;"""NA""";Cx. quinquefasciatus;M;7;NA;NA;10;10/01/2020; 10:30;NA;Ae. albocephalus;23,9;30,8;6,2
11;V/47;palu;3;CDC;08/01/2020;09/01/2020; 12:00; 09:30;low;no rain;-12,735161;45,159831;KOUNGOU;Longoni;sidi colo;U;Concrete;I;NA;"""NA""";Cx. quinquefasciatus;F;12;NA;NA;11;11/01/2020; 11:00;NA;Ae. cartroni;23,9;30,8;6,2
12;X/79;palu;3;CDC;08/01/2020;09/01/2020; 12:00; 09:30;low;no rain;-12,735161;45,159831;KOUNGOU;Longoni;sidi colo;U;Concrete;E;NA;"""NA""";NA;NA;NA;no mosquito;NA;12;12/01/2020; 11:30;NA;Ae. fowleri;23,9;30,8;6,2
13;AM/36;palu;3;CDC;08/01/2020;09/01/2020; 12:30; 10:00;low;no rain;-12,735161;45,159831;KOUNGOU;Longoni;sidi colo;U;Concrete;I;NA;"""NA""";Cx. quinquefasciatus;M;3;NA;NA;13;13/01/2020; 12:00;NA;Ae. simpsoni;23,9;30,8;6,2
14;AM/36;palu;3;CDC;08/01/2020;09/01/2020; 12:30; 10:00;low;no rain;-12,735161;45,159831;KOUNGOU;Longoni;sidi colo;U;Concrete;I;NA;"""NA""";Cx. quinquefasciatus;F;2;NA;NA;14;14/01/2020; 12:30;NA;Ae. vittatus;23,9;30,8;6,2
15;AQ/55;palu;3;CDC;08/01/2020;09/01/2020; 13:00; 10:00;low;no rain;-12,735161;45,159831;KOUNGOU;Longoni;sidi colo;U;Concrete;E;NA;"""NA""";Cx. quinquefasciatus;M;1;NA;NA;15;15/01/2020; 13:00;NA;Ae.;23,9;30,8;6,2
16;AQ/55;palu;3;CDC;08/01/2020;09/01/2020; 13:00; 10:00;low;no rain;-12,735161;45,159831;KOUNGOU;Longoni;sidi colo;U;Concrete;E;NA;"""NA""";Cx. quinquefasciatus;F;1;NA;NA;16;16/01/2020; 13:30;NA;Cx. antennatus;23,9;30,8;6,2
17;1;palu;3;BG;08/01/2020;09/01/2020; 11:00; 09:30;low;no rain;-12,735161;45,159831;KOUNGOU;Longoni;sidi colo;U;Concrete;I;NA;"""NA""";Cx. quinquefasciatus;M;3;NA;NA;17;17/01/2020; 14:00;NA;Cx. carleti;23,9;30,8;6,2
18;1;palu;3;BG;08/01/2020;09/01/2020; 11:00; 09:30;low;no rain;-12,735161;45,159831;KOUNGOU;Longoni;sidi colo;U;Concrete;I;NA;"""NA""";Cx. quinquefasciatus;F;4;NA;NA;18;18/01/2020; 14:30;NA;Cx. chauveti;23,9;30,8;6,2
19;2;palu;3;BG;08/01/2020;09/01/2020; 11:00; 09:30;low;no rain;-12,735161;45,159831;KOUNGOU;Longoni;sidi colo;U;Concrete;I;NA;"""NA""";Cx. quinquefasciatus;M;15;NA;NA;19;19/01/2020; 15:00;NA;Cx. comorensis;23,9;30,8;6,2
20;2;palu;3;BG;08/01/2020;09/01/2020; 11:00; 09:30;low;no rain;-12,735161;45,159831;KOUNGOU;Longoni;sidi colo;U;Concrete;I;NA;"""NA""";Cx. quinquefasciatus;F;10;NA;NA;20;20/01/2020; 15:30;NA;Cx. decens;23,9;30,8;6,2
21;3;palu;3;BG;08/01/2020;09/01/2020; 11:00; 09:30;low;no rain;-12,735161;45,159831;KOUNGOU;Longoni;sidi colo;U;Concrete;I;NA;"""NA""";Cx. quinquefasciatus;M;5;NA;NA;21;21/01/2020; 16:00;NA;Cx. quinquefasciatus;23,9;30,8;6,2
22;3;palu;3;BG;08/01/2020;09/01/2020; 11:00; 09:30;low;no rain;-12,735161;45,159831;KOUNGOU;Longoni;sidi colo;U;Concrete;I;NA;"""NA""";Cx. quinquefasciatus;F;10;NA;NA;22;22/01/2020; 16:30;NA;Cx. sitiens;23,9;30,8;6,2
23;4;palu;3;BG;08/01/2020;09/01/2020; 11:30; 10:00;low;no rain;-12,735161;45,159831;KOUNGOU;Longoni;sidi colo;U;Concrete;I;NA;"""NA""";Cx. quinquefasciatus;M;3;NA;NA;23;23/01/2020; 17:00;NA;Cx. tigripes;23,9;30,8;6,2
24;4;palu;3;BG;08/01/2020;09/01/2020; 11:30; 10:00;low;no rain;-12,735161;45,159831;KOUNGOU;Longoni;sidi colo;U;Concrete;I;NA;"""NA""";Cx. quinquefasciatus;F;10;NA;NA;24;24/01/2020; 17:30;NA;Cx.;23,9;30,8;6,2
25;5;palu;3;BG;08/01/2020;09/01/2020; 11:30; 10:00;low;no rain;-12,735161;45,159831;KOUNGOU;Longoni;sidi colo;U;Concrete;I;NA;"""NA""";NA;NA;NA;no mosquito;NA;25;25/01/2020; 18:00;NA;Er. subsimplicipes;21,1;32;0,4
26;AI - 82;deng;4;CDC;04/04/2020;05/04/2020; 06:00; 10:30;medium;no rain;-12,9058347;45,1552677;CHIRONGUI;Miréréni;Rue de Naria;U;Tole;I;NA;"""NA""";Cx. quinquefasciatus;M;25;NA;NA;26;26/01/2020; 18:30;NA;Er. quinquevittatus;21,1;32;0,4
27;V - 36;deng;4;CDC;04/04/2020;05/04/2020; 06:01; 10:31;medium;no rain;-12,9058347;45,1552677;CHIRONGUI;Miréréni;Rue de Naria;U;Tole;E;NA;"""NA""";Cx. quinquefasciatus;F;21;NA;NA;27;27/01/2020; 19:00;NA;Er.;21,1;32;0,4
28;W - 71;deng;4;CDC;04/04/2020;05/04/2020; 06:30; 11:00;medium;no rain;-12,9054791;45,1516145;CHIRONGUI;Miréréni;Rue de Naria;U;Concrete;I;NA;"""NA""";Cx. quinquefasciatus;M;1;NA;NA;28;28/01/2020; 19:30;NA;Ur.;21,1;32;0,4
29;F - 28;deng;4;CDC;04/04/2020;05/04/2020; 06:31; 11:01;medium;no rain;-12,9054791;45,1516145;CHIRONGUI;Miréréni;Rue de Naria;U;Concrete;E;NA;"""NA""";Cx. quinquefasciatus;F;2;NA;NA;29;29/01/2020; 20:00;NA;Mansonia.;21,1;32;0,4
30;AH - 21;deng;4;CDC;04/04/2020;05/04/2020; 07:00; 11:30;medium;no rain;-12,905479;45,151615;CHIRONGUI;Miréréni;Rue de Naria;U;Concrete;I;NA;"""NA""";NA;NA;NA;no mosquito;NA;30;30/01/2020; 20:30;NA;Orthopodomyia;21,1;32;0,4
31;AE - O;deng;4;CDC;04/04/2020;05/04/2020; 07:30; 11:31;medium;no rain;-12,905479;45,151615;CHIRONGUI;Miréréni;Rue de Naria;U;Concrete;E;NA;"""NA""";Cx. quinquefasciatus;F;1;NA;NA;31;31/01/2020;"""NA""";NA;Culicidae sp.;21,1;32;0,4
32;AE - O;deng;4;CDC;04/04/2020;05/04/2020; 07:30; 11:30;medium;no rain;-12,905479;45,151615;CHIRONGUI;Miréréni;Rue de Naria;U;Concrete;E;NA;"""NA""";Cx. quinquefasciatus;M;2;NA;NA;32;01/02/2020;"""NA""";NA;NA;21,1;32;0,4
33;AM - 79;deng;4;CDC;04/04/2020;05/04/2020; 08:00; 11:31;medium;no rain;-12,905835;45,155265;CHIRONGUI;Miréréni;Rue de Naria;U;Concrete;I;NA;"""NA""";NA;NA;NA;no mosquito;NA;33;02/02/2020;"""NA""";NA;NA;21,1;32;0,4
34;T - 55;deng;4;CDC;04/04/2020;05/04/2020; 08:30; 11:32;medium;no rain;-12,905835;45,155268;CHIRONGUI;Miréréni;Rue de Naria;U;Concrete;E;NA;"""NA""";NA;NA;NA;no mosquito;NA;34;03/02/2020;"""NA""";NA;NA;21,1;32;0,4
35;AG - 12;deng;4;CDC;04/04/2020;05/04/2020; 09:00; 11:33;medium;no rain;-12,9054191;45,1516145;CHIRONGUI;Miréréni;Rue de Naria;U;Concrete;I;NA;"""NA""";Cx. quinquefasciatus;M;2;NA;NA;35;04/02/2020;"""NA""";NA;NA;21,1;32;0,4
36;AG - 12;deng;4;CDC;04/04/2020;05/04/2020; 09:00; 11:34;medium;no rain;-12,9054191;45,1516145;CHIRONGUI;Miréréni;Rue de Naria;U;Concrete;I;NA;"""NA""";Cx. quinquefasciatus;F;2;NA;NA;36;05/02/2020;"""NA""";NA;NA;21,1;32;0,4
37;K - 31;deng;4;CDC;04/04/2020;05/04/2020; 09:30; 11:35;medium;no rain;-12,9054191;45,1516145;CHIRONGUI;Miréréni;Rue de Naria;U;Concrete;E;NA;"""NA""";Cx. quinquefasciatus;M;1;NA;NA;37;06/02/2020;"""NA""";NA;NA;21,1;32;0,4
38;K - 31;deng;4;CDC;04/04/2020;05/04/2020; 10:00; 11:36;medium;no rain;-12,9054191;45,1516145;CHIRONGUI;Miréréni;Rue de Naria;U;Concrete;E;NA;"""NA""";Cx. quinquefasciatus;F;1;NA;NA;38;07/02/2020;"""NA""";NA;NA;21,1;32;0,4
39;AI - 82;deng;4;BG;04/04/2020;05/04/2020; 06:00; 10:00;medium;no rain;-12,9058347;45,1552677;CHIRONGUI;Miréréni;Rue de Naria;U;Concrete;I;NA;"""NA""";NA;NA;NA;NA;NA;39;08/02/2020;"""NA""";NA;NA;21,1;32;0,4
40;AI - 82;deng;4;BG;04/04/2020;05/04/2020; 06:30; 10:30;medium;no rain;-12,9058347;45,1552677;CHIRONGUI;Miréréni;Rue de Naria;U;Concrete;I;NA;"""NA""";NA;NA;NA;NA;NA;40;09/02/2020;"""NA""";NA;NA;21,1;32;0,4
41;V - 36;deng;4;BG;04/04/2020;05/04/2020; 07:00; 09:00;medium;no rain;-12,9054791;45,1516145;CHIRONGUI;Miréréni;Rue de Naria;U;Concrete;E;NA;"""NA""";NA;NA;NA;NA;NA;41;10/02/2020;"""NA""";NA;NA;21,1;32;0,4
42;W - 71;deng;4;BG;04/04/2020;05/04/2020; 07:30; 09:30;medium;no rain;-12,9054791;45,1516145;CHIRONGUI;Miréréni;Rue de Naria;U;Concrete;I;NA;"""NA""";Cx. quinquefasciatus;NA;NA;NA;NA;42;11/02/2020;"""NA""";NA;NA;21,1;32;0,4
43;W - 71;deng;4;BG;04/04/2020;05/04/2020; 08:00; 10:00;medium;no rain;-12,9054791;45,1516145;CHIRONGUI;Miréréni;Rue de Naria;U;Concrete;I;NA;"""NA""";Cx. quinquefasciatus;NA;NA;NA;NA;43;12/02/2020;"""NA""";NA;NA;21,1;32;0,4
44;F - 28;deng;4;BG;04/04/2020;05/04/2020; 09:00; 10:30;medium;no rain;-12,9054791;45,1516145;CHIRONGUI;Miréréni;Rue de Naria;U;Concrete;E;NA;"""NA""";NA;NA;NA;NA;NA;44;13/02/2020;"""NA""";NA;NA;21,1;32;0,4
45;AH - 21;deng;4;BG;04/04/2020;05/04/2020; 09:30; 11:00;medium;no rain;-12,905479;45,1552677;CHIRONGUI;Miréréni;Rue de Naria;U;Concrete;I;NA;"""NA""";NA;NA;NA;NA;NA;45;14/02/2020;"""NA""";NA;NA;21,1;32;0,4
46;AE72;palu;NA;CDC;15/12/2020;16/12/2020; 11:30; 10:30;low;no rain;-12,791941;45,284887;PAMANDZI;Pamandzi;manga papay;PU;Concrete;I;OUI;14/12/2020;NA;NA;NA;NA;NA;46;15/02/2020;"""NA""";NA;NA;25,8;31,5;0
47;A-20;palu;NA;CDC;15/12/2020;16/12/2020; 11:30; 10:30;low;no rain;-12,791941;45,284887;PAMANDZI;Pamandzi;manga papay;PU;Concrete;E;OUI;14/12/2020;NA;NA;NA;NA;NA;47;16/02/2020;"""NA""";NA;NA;25,8;31,5;0
48;J-2;palu;NA;CDC;15/12/2020;16/12/2020; 12:00; 11:00;low;no rain;-12,791595;45,284414;PAMANDZI;Pamandzi;manga papay;PU;Concrete;I;OUI;14/12/2020;NA;NA;NA;NA;NA;48;17/02/2020;"""NA""";NA;NA;25,8;31,5;0
49;R-4;palu;NA;CDC;15/12/2020;16/12/2020; 12:00; 11:00;low;no rain;-12,791595;45,284414;PAMANDZI;Pamandzi;manga papay;PU;Concrete;I;OUI;14/12/2020;NA;NA;NA;NA;NA;49;18/02/2020;"""NA""";NA;NA;25,8;31,5;0
50;AG-37;palu;NA;CDC;15/12/2020;16/12/2020; 12:00; 11:00;low;no rain;-12,791351;45,284301;PAMANDZI;Pamandzi;manga papay;PU;Tole;I;OUI;14/12/2020;NA;NA;NA;NA;NA;50;19/02/2020;"""NA""";NA;NA;25,8;31,5;0
51;NA;palu;NA;BG;15/12/2020;16/12/2020; 11:30; 10:30;low;no rain;-12,791941;45,284847;PAMANDZI;Pamandzi;manga papay;PU;Concrete;E;OUI;14/12/2020;NA;NA;NA;NA;NA;51;20/02/2020;"""NA""";NA;NA;25,8;31,5;0
52;8;palu;NA;BG;15/12/2020;16/12/2020; 12:00; 11:00;low;no rain;-12,791595;45,284414;PAMANDZI;Pamandzi;manga papay;PU;Concrete;E;OUI;14/12/2020;NA;NA;NA;NA;NA;52;21/02/2020;"""NA""";NA;NA;25,8;31,5;0
53;5;palu;NA;BG;15/12/2020;16/12/2020; 12:00; 11:00;low;no rain;-12,791351;45,284301;PAMANDZI;Pamandzi;manga papay;PU;Tole;E;OUI;14/12/2020;NA;NA;NA;NA;NA;53;22/02/2020;"""NA""";NA;NA;25,8;31,5;0
54;F-45;palu;NA;CDC;17/12/2020;18/12/2020; 12:00; 11:30;low;no rain;-12,835703;45,170085;DEMBENI;Tsararano;Frahani;PU;Tole;I;NA;"""NA""";Cx. quinquefasciatus;M;4;NA;NA;54;23/02/2020;"""NA""";NA;NA;21,5;31,4;24,2
55;W-14;palu;NA;CDC;17/12/2020;18/12/2020; 12:00; 11:30;low;no rain;-12,835703;45,170085;DEMBENI;Tsararano;Frahani;PU;Tole;E;NA;"""NA""";Cx. quinquefasciatus;M;4;NA;NA;55;24/02/2020;"""NA""";NA;NA;21,5;31,4;24,2
56;AI-61;palu;NA;CDC;17/12/2020;18/12/2020; 12:30; 12:00;low;no rain;-12,835456;45,170082;DEMBENI;Tsararano;Frahani;PU;Tole;I;NA;"""NA""";Ae. albopictus;F;1;NA;NA;56;25/02/2020;"""NA""";NA;NA;21,5;31,4;24,2
57;AI-61;palu;NA;CDC;17/12/2020;18/12/2020; 12:30; 12:00;low;no rain;-12,835456;45,170082;DEMBENI;Tsararano;Frahani;PU;Tole;I;NA;"""NA""";Ae. vittatus;F;1;NA;NA;57;26/02/2020;"""NA""";NA;NA;21,5;31,4;24,2
58;AI-61;palu;NA;CDC;17/12/2020;18/12/2020; 12:30; 12:00;low;no rain;-12,835456;45,170082;DEMBENI;Tsararano;Frahani;PU;Tole;I;NA;"""NA""";Cx. quinquefasciatus;M;8;NA;NA;58;27/02/2020;"""NA""";NA;NA;21,5;31,4;24,2
59;AI-61;palu;NA;CDC;17/12/2020;18/12/2020; 12:30; 12:00;low;no rain;-12,835456;45,170082;DEMBENI;Tsararano;Frahani;PU;Tole;I;NA;"""NA""";Cx. antennatus;F;3;NA;NA;59;28/02/2020;"""NA""";NA;NA;21,5;31,4;24,2
60;AI-61;palu;NA;CDC;17/12/2020;18/12/2020; 12:30; 12:00;low;no rain;-12,835456;45,170082;DEMBENI;Tsararano;Frahani;PU;Tole;I;NA;"""NA""";Cx. sitiens;F;2;NA;NA;60;29/02/2020;"""NA""";NA;NA;21,5;31,4;24,2
61;AP-22;palu;NA;CDC;17/12/2020;18/12/2020; 12:30; 12:00;low;no rain;-12,835285;45,169859;DEMBENI;Tsararano;Frahani;PU;Tole;I;NA;"""NA""";NA;NA;NA;NA;NA;61;01/03/2020;"""NA""";NA;NA;21,5;31,4;24,2
62;K-47;palu;NA;CDC;17/12/2020;18/12/2020; 12:30; 12:00;low;no rain;-12,835812;45,169987;DEMBENI;Tsararano;Frahani;PU;Tole;I;NA;"""NA""";Cx. quinquefasciatus;M;3;NA;NA;62;02/03/2020;"""NA""";NA;NA;21,5;31,4;24,2
63;NA;palu;NA;BG;17/12/2020;18/12/2020; 12:30; 11:30;low;no rain;-12,837102;45,172604;DEMBENI;Tsararano;Frahani;PU;Concrete;E;NA;"""NA""";Cx. quinquefasciatus;M;2;NA;NA;63;03/03/2020;"""NA""";NA;NA;21,5;31,4;24,2
64;NA;palu;NA;BG;17/12/2020;18/12/2020; 12:30; 13:30;low;no rain;-12,837102;45,172604;DEMBENI;Tsararano;Frahani;PU;Concrete;E;NA;"""NA""";Cx. quinquefasciatus;F;15;NA;NA;64;04/03/2020;"""NA""";NA;NA;21,5;31,4;24,2
65;T-56;deng;NA;CDC;17/12/2020;18/12/2020; 10:30; 10:00;low;no rain;-12,782116;45,231925;MAMOUDZOU;Mamoudzou;mgombani;PU;Tole;I;NA;"""NA""";NA;NA;NA;NA;NA;65;05/03/2020;"""NA""";NA;NA;21,5;31,4;24,2
66;AM-54;deng;NA;CDC;17/12/2020;18/12/2020; 10:30; 10:00;low;no rain;-12,782116;45,231925;MAMOUDZOU;Mamoudzou;mgombani;PU;Tole;I;NA;"""NA""";NA;NA;NA;NA;NA;66;06/03/2020;"""NA""";NA;NA;21,5;31,4;24,2
67;AG-78;deng;NA;CDC;17/12/2020;18/12/2020; 11:00; 10:30;low;no rain;-12,781318;45,232034;MAMOUDZOU;Mamoudzou;mgombani;PU;Tole;I;NA;"""NA""";Cx. quinquefasciatus;M;2;NA;NA;67;07/03/2020;"""NA""";NA;NA;21,5;31,4;24,2
68;AG-78;deng;NA;CDC;17/12/2020;18/12/2020; 11:00; 10:30;low;no rain;-12,781318;45,232034;MAMOUDZOU;Mamoudzou;mgombani;PU;Tole;I;NA;"""NA""";Cx. quinquefasciatus;F;5;2 gorged;NA;68;08/03/2020;"""NA""";NA;NA;21,5;31,4;24,2
69;V-18;deng;NA;CDC;17/12/2020;18/12/2020; 11:00; 10:30;low;no rain;-12,781318;45,232034;MAMOUDZOU;Mamoudzou;mgombani;PU;Tole;I;NA;"""NA""";NA;NA;NA;NA;NA;69;09/03/2020;"""NA""";NA;NA;21,5;31,4;24,2
70;AE-38;deng;NA;CDC;17/12/2020;18/12/2020; 11:00; 10:30;low;no rain;-12,780505;45,23176;MAMOUDZOU;Mamoudzou;mgombani;PU;Tole;I;NA;"""NA""";Cx. quinquefasciatus;F;14;1 gorged;NA;70;10/03/2020;"""NA""";NA;NA;21,5;31,4;24,2
71;J-46;deng;NA;CDC;17/12/2020;18/12/2020; 11:00; 10:30;low;no rain;-12,780505;45,23176;MAMOUDZOU;Mamoudzou;mgombani;PU;Tole;I;NA;"""NA""";Cx. quinquefasciatus;M;2;NA;NA;71;11/03/2020;"""NA""";NA;NA;21,5;31,4;24,2
72;J-46;deng;NA;CDC;17/12/2020;18/12/2020; 11:00; 10:30;low;no rain;-12,780505;45,23176;MAMOUDZOU;Mamoudzou;mgombani;PU;Tole;I;NA;"""NA""";Cx. quinquefasciatus;F;7;3 gorged;NA;72;12/03/2020;"""NA""";NA;NA;21,5;31,4;24,2
73;1;deng;NA;BG;17/12/2020;18/12/2020; 11:00; 10:00;low;no rain;-12,781318;45,232034;MAMOUDZOU;Mamoudzou;mgombani;PU;Tole;E;NA;"""NA""";Cx. quinquefasciatus;M;4;NA;NA;73;13/03/2020;"""NA""";NA;NA;21,5;31,4;24,2
74;1;deng;NA;BG;17/12/2020;18/12/2020; 11:00; 10:00;low;no rain;-12,781318;45,232034;MAMOUDZOU;Mamoudzou;mgombani;PU;Tole;E;NA;"""NA""";Cx. quinquefasciatus;F;9;1 gorged;NA;74;14/03/2020;"""NA""";NA;NA;21,5;31,4;24,2
75;6;deng;NA;BG;17/12/2020;18/12/2020; 11:00; 10:30;low;no rain;-12,781116;45,231925;MAMOUDZOU;Mamoudzou;mgombani;PU;Tole;E;NA;"""NA""";Cx. quinquefasciatus;M;6;NA;NA;75;15/03/2020;"""NA""";NA;NA;21,5;31,4;24,2
76;6;deng;NA;BG;17/12/2020;18/12/2020; 11:00; 10:30;low;no rain;-12,781116;45,231925;MAMOUDZOU;Mamoudzou;mgombani;PU;Tole;E;NA;"""NA""";Cx. quinquefasciatus;F;12;4 gorged;NA;76;16/03/2020;"""NA""";NA;NA;21,5;31,4;24,2
77;W73;palu;28;CDC;22/12/2020;23/12/2020; 10:30; 09:30;low;no rain;-12,782829;45,282874;DZAOUDZI;Labattoir;NA;PU;Tole;I;OUI;"""NA""";NA;NA;NA;NA;NA;77;17/03/2020;"""NA""";NA;NA;26,2;31;0
78;F27;palu;28;CDC;22/12/2020;23/12/2020; 10:30; 09:30;low;no rain;-12,782829;45,282874;DZAOUDZI;Labattoir;NA;PU;Tole;I;OUI;"""NA""";Cx. quinquefasciatus;F;6;NA;NA;78;18/03/2020;"""NA""";NA;NA;26,2;31;0
79;AE22;palu;28;CDC;22/12/2020;23/12/2020; 11:00; 10:00;low;no rain;-12,782165;45,282575;DZAOUDZI;Labattoir;NA;PU;Tole;I;NA;"""NA""";Cx. quinquefasciatus;M;1;NA;NA;79;19/03/2020;"""NA""";NA;NA;26,2;31;0
80;AE22;palu;28;CDC;22/12/2020;23/12/2020; 11:00; 10:00;low;no rain;-12,782165;45,282575;DZAOUDZI;Labattoir;NA;PU;Tole;I;NA;"""NA""";Cx. quinquefasciatus;F;6;NA;NA;80;20/03/2020;"""NA""";NA;NA;26,2;31;0
81;T47;palu;28;CDC;22/12/2020;23/12/2020; 11:00; 10:00;low;no rain;-12,782165;45,282575;DZAOUDZI;Labattoir;NA;PU;Tole;E;NA;"""NA""";Cx. quinquefasciatus;M;20;NA;NA;81;21/03/2020;"""NA""";NA;NA;26,2;31;0
82;T47;palu;28;CDC;22/12/2020;23/12/2020; 11:00; 10:00;low;no rain;-12,782165;45,282575;DZAOUDZI;Labattoir;NA;PU;Tole;E;NA;"""NA""";Cx. quinquefasciatus;F;1;1 gorged;NA;82;22/03/2020;"""NA""";NA;NA;26,2;31;0
83;AP44;palu;28;CDC;22/12/2020;23/12/2020; 11:00; 10:30;low;no rain;-12,781764;45,282459;DZAOUDZI;Labattoir;NA;PU;Tole;I;NA;"""NA""";Cx. quinquefasciatus;M;1;NA;NA;83;23/03/2020;"""NA""";NA;NA;26,2;31;0
84;AP44;palu;28;CDC;22/12/2020;23/12/2020; 11:00; 10:30;low;no rain;-12,781764;45,282459;DZAOUDZI;Labattoir;NA;PU;Tole;I;NA;"""NA""";Cx. quinquefasciatus;F;2;NA;NA;84;24/03/2020;"""NA""";NA;NA;26,2;31;0
85;AP44;palu;28;CDC;22/12/2020;23/12/2020; 11:00; 10:30;low;no rain;-12,781764;45,282459;DZAOUDZI;Labattoir;NA;PU;Tole;I;NA;"""NA""";Ae. albopictus;M;1;NA;NA;85;25/03/2020;"""NA""";NA;NA;26,2;31;0
86;AI45;palu;28;CDC;22/12/2020;23/12/2020; 11:00; 10:00;low;no rain;-12,781764;45,282459;DZAOUDZI;Labattoir;NA;PU;Tole;E;NA;"""NA""";Cx. quinquefasciatus;M;3;NA;NA;86;26/03/2020;"""NA""";NA;NA;26,2;31;0
87;AI45;palu;28;CDC;22/12/2020;23/12/2020; 11:00; 10:00;low;no rain;-12,781764;45,282459;DZAOUDZI;Labattoir;NA;PU;Tole;E;NA;"""NA""";Cx. quinquefasciatus;F;3;NA;NA;87;27/03/2020;"""NA""";NA;NA;26,2;31;0
88;AG23;palu;28;CDC;22/12/2020;23/12/2020; 11:00; 10:30;low;no rain;-12,781997;45,282683;DZAOUDZI;Labattoir;NA;PU;Tole;I;NA;"""NA""";Cx. quinquefasciatus;M;6;NA;NA;88;28/03/2020;"""NA""";NA;NA;26,2;31;0
89;AG23;palu;28;CDC;22/12/2020;23/12/2020; 11:00; 10:30;low;no rain;-12,781997;45,282683;DZAOUDZI;Labattoir;NA;PU;Tole;I;NA;"""NA""";Cx. quinquefasciatus;F;8;1 gorged;NA;89;29/03/2020;"""NA""";NA;NA;26,2;31;0
90;V61;palu;28;CDC;22/12/2020;23/12/2020; 11:00; 11:00;low;no rain;-12,781997;45,282683;DZAOUDZI;Labattoir;NA;PU;Tole;E;NA;"""NA""";NA;NA;NA;NA;NA;90;30/03/2020;"""NA""";NA;NA;26,2;31;0
91;AM11;palu;28;CDC;22/12/2020;23/12/2020; 11:30; 11:00;low;no rain;-12,78185;45,282632;DZAOUDZI;Labattoir;NA;PU;Tole;I;NA;"""NA""";NA;NA;NA;NA;NA;91;31/03/2020;"""NA""";NA;NA;26,2;31;0
92;1;palu;28;BG;22/12/2020;23/12/2020; 10:30; 09:30;low;no rain;-12,782829;45,282874;DZAOUDZI;Labattoir;NA;PU;Tole;E;NA;"""NA""";NA;NA;NA;NA;NA;92;01/04/2020;"""NA""";NA;NA;26,2;31;0
93;5;palu;28;BG;22/12/2020;23/12/2020; 10:30; 10:00;low;no rain;-12,792165;45,282575;DZAOUDZI;Labattoir;NA;PU;Tole;E;NA;"""NA""";Cx. quinquefasciatus;F;4;1 gorged;NA;93;02/04/2020;"""NA""";NA;NA;26,2;31;0
94;8;palu;28;BG;22/12/2020;23/12/2020; 11:00; 10:30;low;no rain;-12,781764;45,282459;DZAOUDZI;Labattoir;NA;PU;Tole;E;NA;"""NA""";Cx. quinquefasciatus;F;5;NA;NA;94;03/04/2020;"""NA""";NA;NA;26,2;31;0
95;6;palu;28;BG;22/12/2020;23/12/2020; 11:00; 10:30;low;no rain;-12,781997;45,282683;DZAOUDZI;Labattoir;NA;PU;Tole;E;NA;"""NA""";Cx. quinquefasciatus;F;8;NA;NA;95;04/04/2020;"""NA""";NA;NA;26,2;31;0
96;6;palu;28;BG;22/12/2020;23/12/2020; 11:00; 10:30;low;no rain;-12,781997;45,282683;DZAOUDZI;Labattoir;NA;PU;Tole;E;NA;"""NA""";Ae. albopictus;M;1;NA;NA;96;05/04/2020;"""NA""";NA;NA;26,2;31;0
97;6;palu;28;BG;22/12/2020;23/12/2020; 11:00; 10:30;low;no rain;-12,781997;45,282683;DZAOUDZI;Labattoir;NA;PU;Tole;E;NA;"""NA""";Ae. albopictus;F;3;NA;NA;97;06/04/2020;"""NA""";NA;NA;26,2;31;0
98;9;palu;28;BG;22/12/2020;23/12/2020; 11:30; 11:00;low;no rain;-12,78185;45,282632;DZAOUDZI;Labattoir;NA;PU;Tole;E;NA;"""NA""";Cx. quinquefasciatus;M;6;NA;NA;98;07/04/2020;"""NA""";NA;NA;26,2;31;0
99;9;palu;28;BG;22/12/2020;23/12/2020; 11:30; 11:00;low;no rain;-12,78185;45,282632;DZAOUDZI;Labattoir;NA;PU;Tole;E;NA;"""NA""";Cx. quinquefasciatus;F;4;NA;NA;99;08/04/2020;"""NA""";NA;NA;26,2;31;0
100;9;palu;28;BG;22/12/2020;23/12/2020; 11:30; 11:00;low;no rain;-12,78185;45,282632;DZAOUDZI;Labattoir;NA;PU;Tole;E;NA;"""NA""";Ae. albopictus;M;1;NA;NA;100;09/04/2020;"""NA""";NA;NA;26,2;31;0
101;9;palu;28;BG;22/12/2020;23/12/2020; 11:30; 11:00;low;no rain;-12,78185;45,282632;DZAOUDZI;Labattoir;NA;PU;Tole;E;NA;"""NA""";Ae. albopictus;F;1;NA;NA;101;10/04/2020;"""NA""";NA;NA;26,2;31;0
